ID,类型,题目,学生答案,识别文本,AI评语,教师评语,得分,音频,图片,状态,时间
speak_0,翻译题,Разница в возрасте: __________,,,,,0,speak_0.wav,,未批改,2025-12-20 08:58
speak_1,翻译题,Инфантильный/Ребячливый парень: __________,,幼稚的男人。,"Score: 85
Comment: Перевод в целом верный и точно передаёт смысл. ""Инфантильный"" действительно часто переводится как ""幼稚的"" (незрелый, детский). Однако в контексте ""ребячливый парень"" возможен более живой вариант, например ""像小孩一样的男人"" (мужчина, как ребёнок) или ""长不大的男人"" (мужчина, который не взрослеет), которые чуть точнее передают оттенок ""ребячливости"". Ваш вариант вполне приемлем и понятен.",,85,speak_1.wav,,未批改,2025-12-20 08:58
speak_2,翻译题,Зрелый человек: __________,,成熟的人。,"Score: 100
Comment: Отличный перевод! Вы точно передали значение фразы ""Зрелый человек"" на китайском языке. Слово ""成熟"" идеально соответствует понятию зрелости, а конструкция ""的人"" правильно образует определение. Перевод грамматически и лексически безупречен.",,100,speak_2.wav,,未批改,2025-12-20 08:58
speak_3,翻译题,Тревога по поводу внешности: __________,,,,,0,speak_3.wav,,未批改,2025-12-20 08:59
speak_4,翻译题,Сделать пластическую операцию: __________,,做整容。,"Score: 90
Comment: Перевод верный и точно передаёт смысл фразы. ""做整容"" — это общепринятый и естественный вариант в китайском языке. Можно также использовать более формальный вариант ""进行整容手术"", но ваш ответ полностью корректен и уместен в большинстве контекстов.",,90,speak_4.wav,,未批改,2025-12-20 08:59
speak_5,翻译题,стандарты красоты / Взгляд на красоту: __________,,审美的标准。,"Score: 85  
Comment: Ваш перевод «审美的标准» в целом верно передаёт смысл фразы «стандарты красоты / взгляд на красоту», так как он отражает идею критериев или норм в восприятии прекрасного. Однако для более точного соответствия контексту можно было бы использовать вариант «标准审美» (стандартная эстетика) или «审美标准» (эстетические стандарты), который звучит несколько естественнее в китайском языке. Тем не менее, ваш ответ понятен и грамматически корректен.",,85,speak_5.wav,,未批改,2025-12-20 08:59
speak_6,翻译题,Сильные мышцы: __________,,前传的肌肉。,"Score: 0  
Comment: Ваш перевод ""前传的肌肉"" не имеет смысла в данном контексте. Слово ""前传"" означает ""приквел"" или ""предыстория"" (как в кино или литературе), что совершенно не подходит для перевода ""сильные мышцы"". Правильный перевод должен быть ""强壮的肌肉"" или ""发达的肌肉"". Пожалуйста, обратите внимание на соответствие значений слов при переводе.",,0,speak_6.wav,,未批改,2025-12-20 08:59
speak_7,翻译题,(Мне) без разницы / всё равно: __________,,无所谓。,"Score: 100
Comment: Отличный перевод! Вы точно передали смысл фразы ""мне без разницы / всё равно"" на китайском языке. Слово ""无所谓"" идеально подходит для выражения безразличия или равнодушия к ситуации, что полностью соответствует исходному выражению.",,100,speak_7.wav,,未批改,2025-12-20 08:59
speak_8,翻译题,Я не могу принять слишком большую разницу в возрасте.,,我不能接受。,"Score: 70  
Comment: Ваш перевод передаёт общий смысл фразы, но не полностью. «Я не могу принять слишком большую разницу в возрасте» означает «Я не могу принять **слишком большую** разницу в возрасте». В вашем варианте «我不能接受» («Я не могу принять») опущена ключевая часть про «слишком большую разницу», что делает перевод неточным. Рекомендуется уточнить: «我不能接受年龄差距太大» или «我无法接受年龄差异过大».",,70,speak_8.wav,,未批改,2025-12-20 08:59
speak_9,翻译题,"Хотя он молодой, но он очень ответственный и у него есть план на будущее.",,虽然他很年轻，但他很复杂。,"Score: 60  
Comment: Перевод частично верен, но содержит ошибку в передаче смысла. Слово ""ответственный"" переведено как ""复杂"" (сложный), что не соответствует оригиналу. Правильный перевод должен быть: ""虽然他很年轻，但他很有责任心，而且对未来有计划。"" Вы правильно передали структуру ""虽然...但..."", но исказили ключевое прилагательное.",,60,speak_9.wav,,未批改,2025-12-20 08:59
speak_10,翻译题,"Ты заботишься о том, как на тебя смотрят другие люди?",,你在意别人怎么看你吗？,"Score: 95  
Comment: Отличный перевод! Вы точно передали смысл исходного вопроса на китайском языке, использовав естественную и часто употребляемую конструкцию. Единственное небольшое замечание — в разговорной речи иногда говорят «别人怎么看你的», но ваш вариант абсолютно правильный и понятный.",,95,speak_10.wav,,未批改,2025-12-20 08:59
speak_11,翻译题,"Раньше у меня были комплексы (низкая самооценка), но сейчас я стал увереннее.",,我以前有几倍。,"Score: 40  
Comment: Ваш перевод не совсем точен. Фраза ""我以前有几倍"" дословно означает ""Раньше у меня было в несколько раз больше"" и не передаёт смысл исходного предложения. Правильный вариант: ""我以前有自卑情结（低自尊），但现在我变得更自信了"". Вы использовали неверное слово ""几倍"" (несколько раз), тогда как нужно было передать понятие ""комплексы/низкая самооценка"". Обратите внимание на соответствие ключевых терминов в переводе.",,40,speak_11.wav,,未批改,2025-12-20 08:59
speak_12,问答题,你觉得情侣之间最合适的年龄差是多少？为什么？,,我觉得，呃，情侣的年龄差，呃，应该是三年。,"Score: 40
Comment: Твой ответ очень краток и содержит много пауз (""呃""), что делает его неуверенным. Ты дал конкретный возрастной разрыв (3 года), но не объяснил причину, как требуется в задании. Для улучшения ответа постарайся говорить более плавно и обязательно добавь обоснование своего мнения, например, почему именно три года кажутся тебе подходящими.",,40,speak_12.wav,,未批改,2025-12-20 08:59
speak_13,问答题,但看到年龄差很大的情侣，你会有什么想法？,,,,,0,,,未批改,2025-12-20 08:59
speak_14,问答题,现在很多年轻人有“容貌焦虑”，你觉得这是因为什么？,,,,,0,,,未批改,2025-12-20 08:59
speak_15,问答题,俄罗斯女孩儿对男人的审美标准是什么样的？,,,,,0,,,未批改,2025-12-20 08:59
listen_0,复述,我不喜欢太幼稚的男生，因为容易吵架。我更喜欢成熟一点的，最好对工作和生活都有计划。,,,,,-1,,,未批改,2025-12-20 08:59
listen_1,复述,关于外貌，其实我无所谓他有没有肌肉。但是如果他为了漂亮去整容，我可能有点儿接受不了。,,,,,-1,,,未批改,2025-12-20 08:59
listen_2,复述,俄罗斯人的审美和中国人不太一样。比如，我们觉得健康、自信就是美，不需要在意别人的看法。,,,,,-1,,,未批改,2025-12-20 08:59
listen_3,复述,他每天都去健身房运动，所以身体非常强壮。,,,,,-1,,,未批改,2025-12-20 08:59
